{
  "mean_spearman": 0.6219667437065223,
  "std_spearman": 0.055228120138117884
}