{
  "mean_spearman": 0.6493204585394725,
  "std_spearman": 0.06389497160373414
}