{
  "mean_spearman": 0.6399731446057444,
  "std_spearman": 0.06778099268927952,
  "msa": "data/msa/tp53_alignment.aln"
}