{
  "y_mean": 48.68798617113224,
  "y_std": 45.763696950433214,
  "seed": 42
}